time,code,open,close,high,low,volume,money
2017-07-10,FU8888.XSGE,3775.666,3771.0,3775.666,3755.333,8.0,1492100.0
2017-07-10,L8888.XDCE,8979.269,8852.273,9075.235,8837.002,624742.0,27987000000.0
2017-07-10,V8888.XDCE,6521.33,6525.037,6582.33,6481.04,198866.0,6539263300.0
2017-07-10,CS8888.XDCE,2030.986,2012.714,2040.001,2009.01,377622.0,7663525000.0
2017-07-10,BU8888.XSGE,2386.443,2388.268,2410.728,2358.286,803132.0,19118583080.0
2017-07-10,FB8888.XDCE,74.517,76.283,78.383,74.517,86.0,3234300.0
2017-07-10,TF8888.CCFX,97.992,97.901,98.061,97.896,11507.0,11272528800.0
2017-07-10,T8888.CCFX,95.149,95.088,95.294,95.044,40484.0,38520571400.0
2017-07-10,MA8888.XZCE,2480.494,2453.053,2491.945,2445.596,988468.0,24361031800.0
2017-07-10,WH8888.XZCE,2607.213,2600.267,2610.66,2599.286,1142.0,59512500.0
2017-07-10,A8888.XDCE,3832.766,3880.549,3905.43,3824.662,336784.0,13032131300.0
2017-07-10,HC8888.XSGE,3419.58,3434.911,3471.683,3405.266,884086.0,30457247420.0
2017-07-10,SF8888.XZCE,5566.105,5558.979,5591.717,5481.17,17756.0,497087400.0
2017-07-10,CU8888.XSGE,47091.559,46962.116,47209.778,46920.487,294256.0,68947180600.0
2017-07-10,WR8888.XSGE,2882.582,2882.582,2882.582,2882.582,0.0,0.0
2017-07-10,TA8888.XZCE,4963.987,4956.979,4994.809,4925.862,969978.0,24065569700.0
2017-07-10,AU8888.XSGE,272.333,268.888,272.431,268.097,243956.0,65822791900.0
2017-07-10,SR8888.XZCE,6198.916,6252.875,6277.061,6176.438,674434.0,41932882900.0
2017-07-10,J8888.XDCE,1791.708,1818.121,1824.505,1780.305,253918.0,45978078500.0
2017-07-10,SM8888.XZCE,6553.911,6539.299,6614.522,6495.329,96454.0,3163702600.0
2017-07-10,PM8888.XZCE,2406.0,2406.0,2406.0,2406.0,0.0,0.0
2017-07-10,P8888.XDCE,5306.278,5386.648,5412.514,5298.386,538914.0,29140099600.0
2017-07-10,I8888.XDCE,477.584,476.402,482.715,471.733,2573356.0,123231360500.0
2017-07-10,PP8888.XDCE,8110.996,7998.767,8144.225,7971.518,486350.0,19574467000.0
2017-07-10,RI8888.XZCE,2741.045,2731.5,2741.045,2729.591,28.0,1528400.0
2017-07-10,AL8888.XSGE,14178.987,14152.746,14229.683,14124.484,215892.0,15314615900.0
2017-07-10,JR8888.XZCE,3234.834,3234.834,3234.834,3234.834,0.0,0.0
2017-07-10,ZC8888.XZCE,587.855,588.336,590.798,586.16,151524.0,8933585000.0
2017-07-10,NI8888.XSGE,74583.891,73816.301,74805.291,73609.161,402404.0,29821236340.0
2017-07-10,IC8888.CCFX,6141.609,6122.871,6169.506,6103.744,12384.0,15267824120.0
2017-07-10,M8888.XDCE,2850.822,2929.629,2953.356,2837.037,2811158.0,81425438600.0
2017-07-10,LR8888.XZCE,2892.167,2892.167,2892.167,2892.167,0.0,0.0
2017-07-10,ZN8888.XSGE,22884.623,22670.509,23128.361,22646.186,776472.0,89078333800.0
2017-07-10,B8888.XDCE,3279.111,3331.524,3355.258,3279.111,68.0,2253600.0
2017-07-10,IH8888.CCFX,2512.999,2529.922,2536.805,2510.554,9064.0,6883253460.0
2017-07-10,C8888.XDCE,1701.33,1689.317,1711.74,1688.614,945408.0,16032549000.0
2017-07-10,FG8888.XZCE,1356.128,1348.131,1370.678,1337.564,309738.0,8424923400.0
2017-07-10,PB8888.XSGE,17720.23,17533.938,17843.845,17508.054,70264.0,6223543700.0
2017-07-10,JD8888.XDCE,3877.726,3829.382,3928.52,3814.472,633024.0,24249810500.0
2017-07-10,RB8888.XSGE,3394.934,3404.73,3442.028,3369.274,7406620.0,253069350460.0
2017-07-10,IF8888.CCFX,3612.101,3620.936,3637.048,3610.536,14799.0,16131159540.0
2017-07-10,BB8888.XDCE,114.475,114.475,114.475,114.475,0.0,0.0
2017-07-10,RU8888.XSGE,13176.127,13040.193,13293.333,12878.285,824908.0,107605621300.0
2017-07-10,RM8888.XZCE,2320.036,2371.807,2389.565,2293.61,1162664.0,27471560000.0
2017-07-10,Y8888.XDCE,6054.414,6168.757,6184.752,6049.727,635912.0,38891118200.0
2017-07-10,OI8888.XZCE,6537.73,6666.178,6687.597,6535.897,309798.0,20410720900.0
2017-07-10,RS8888.XZCE,5338.0,5270.0,5338.0,5264.0,18.0,950100.0
2017-07-10,CF8888.XZCE,14997.033,15083.1,15195.09,14927.917,226522.0,17121311700.0
2017-07-10,SN8888.XSGE,144331.85,143462.352,144863.991,142888.718,16930.0,2432821620.0
2017-07-10,JM8888.XDCE,1121.174,1123.167,1139.882,1108.781,261340.0,17658084100.0
2017-07-10,AG8888.XSGE,3851.165,3671.162,3858.072,3671.188,1291306.0,72763460490.0
2017-07-11,HC8888.XSGE,3430.201,3548.552,3582.908,3419.843,869680.0,30614587980.0
2017-07-11,L8888.XDCE,8906.761,8993.052,9011.761,8852.256,599852.0,26830434300.0
2017-07-11,V8888.XDCE,6553.682,6586.636,6639.13,6495.856,322724.0,10688286100.0
2017-07-11,CS8888.XDCE,2016.93,2017.612,2028.816,2012.479,314014.0,6347529400.0
2017-07-11,BU8888.XSGE,2384.7,2461.959,2483.928,2383.577,1125220.0,27426350760.0
2017-07-11,FB8888.XDCE,74.72,75.8,77.48,74.72,66.0,2495500.0
2017-07-11,TF8888.CCFX,97.903,97.903,98.002,97.875,10224.0,10013331800.0
2017-07-11,T8888.CCFX,95.068,95.186,95.342,95.043,47041.0,44794981250.0
2017-07-11,MA8888.XZCE,2451.168,2494.703,2509.714,2446.6,1249392.0,31078484700.0
2017-07-11,WH8888.XZCE,2607.658,2603.87,2615.882,2593.923,1682.0,87356700.0
2017-07-11,P8888.XDCE,5398.476,5404.712,5433.935,5360.002,596266.0,32457097600.0
2017-07-11,I8888.XDCE,475.541,484.092,492.541,473.941,2813956.0,136759934700.0
2017-07-11,PP8888.XDCE,8085.534,8077.259,8160.602,8003.736,539396.0,21789379200.0
2017-07-11,CU8888.XSGE,46859.6,47237.806,47348.041,46768.942,310350.0,72681320800.0
2017-07-11,WR8888.XSGE,2882.582,2882.582,2882.582,2882.582,0.0,0.0
2017-07-11,TA8888.XZCE,4958.87,5174.333,5182.525,4954.592,3144504.0,80126760400.0
2017-07-11,AU8888.XSGE,269.441,270.095,270.788,269.043,140154.0,37836593700.0
2017-07-11,SR8888.XZCE,6241.275,6237.374,6280.401,6202.893,553014.0,34398085800.0
2017-07-11,J8888.XDCE,1817.209,1860.28,1870.204,1809.151,208336.0,38530152700.0
2017-07-11,SM8888.XZCE,6594.855,6590.715,6658.2,6564.914,105828.0,3501864700.0
2017-07-11,PM8888.XZCE,2406.0,2406.0,2406.0,2406.0,0.0,0.0
2017-07-11,SF8888.XZCE,5571.925,5570.042,5612.175,5545.101,10878.0,307016900.0
2017-07-11,FU8888.XSGE,3771.0,3769.333,3771.0,3771.0,0.0,0.0
2017-07-11,B8888.XDCE,3326.578,3328.556,3354.269,3300.866,84.0,2796800.0
2017-07-11,BB8888.XDCE,114.475,114.475,114.475,114.475,0.0,0.0
2017-07-11,OI8888.XZCE,6679.163,6671.271,6723.509,6617.752,304308.0,20180981200.0
2017-07-11,A8888.XDCE,3879.128,3889.909,3921.517,3877.345,247066.0,9628485200.0
2017-07-11,IH8888.CCFX,2530.942,2562.945,2580.396,2528.556,12539.0,9623403480.0
2017-07-11,JD8888.XDCE,3846.615,3867.78,3887.464,3833.456,426114.0,16279528400.0
2017-07-11,ZN8888.XSGE,22689.32,22998.728,23078.109,22508.815,793246.0,90509138550.0
2017-07-11,LR8888.XZCE,2892.167,2892.167,2892.167,2892.167,0.0,0.0
2017-07-11,AL8888.XSGE,14130.676,14161.306,14174.863,13993.263,294900.0,20787673300.0
2017-07-11,IC8888.CCFX,6127.073,6063.378,6129.275,6049.899,14252.0,17455222960.0
2017-07-11,NI8888.XSGE,73656.888,74668.332,74831.55,73300.22,352620.0,26116437180.0
2017-07-11,ZC8888.XZCE,588.801,596.489,598.307,587.974,259416.0,15423601000.0
2017-07-11,JR8888.XZCE,3234.834,3234.834,3234.834,3234.834,0.0,0.0
2017-07-11,M8888.XDCE,2930.345,2935.784,2959.847,2897.924,2198644.0,64449729500.0
2017-07-11,C8888.XDCE,1693.707,1693.95,1698.488,1688.915,647844.0,10935334600.0
2017-07-11,SN8888.XSGE,143453.649,144788.698,144826.706,143062.893,13442.0,1934806600.0
2017-07-11,IF8888.CCFX,3619.457,3647.973,3677.81,3618.442,19349.0,21223722840.0
2017-07-11,RB8888.XSGE,3399.521,3519.341,3550.045,3391.485,7799790.0,273001009940.0
2017-07-11,JM8888.XDCE,1125.344,1146.008,1162.931,1114.893,303442.0,20949113000.0
2017-07-11,CF8888.XZCE,15072.573,14894.955,15102.015,14847.733,201192.0,15080393200.0
2017-07-11,RS8888.XZCE,5289.0,5291.0,5366.0,5233.0,30.0,1584900.0
2017-07-11,AG8888.XSGE,3675.44,3732.355,3766.25,3666.285,1145248.0,63968191050.0
2017-07-11,Y8888.XDCE,6180.328,6212.678,6247.785,6152.707,642682.0,39747420200.0
2017-07-11,RM8888.XZCE,2371.772,2376.067,2395.295,2355.536,691742.0,16571131900.0
2017-07-11,RU8888.XSGE,13012.431,13248.786,13352.047,12925.253,790950.0,103812319200.0
2017-07-11,PB8888.XSGE,17542.937,17930.229,17955.565,17464.013,89698.0,7958275350.0
2017-07-11,RI8888.XZCE,2735.125,2734.167,2738.0,2733.208,22.0,1201000.0
2017-07-11,FG8888.XZCE,1348.764,1366.242,1386.218,1341.752,300516.0,8247857300.0
2017-07-12,FU8888.XSGE,3831.333,3792.6659999999997,3831.333,3792.333,14.0,2673000.0
2017-07-12,PM8888.XZCE,2406.0,2406.0,2406.0,2406.0,0.0,0.0
2017-07-12,P8888.XDCE,5383.625,5379.828,5430.701999999999,5359.83,492206.0,26754998400.0
2017-07-12,RI8888.XZCE,2733.808,2733.808,2733.808,2733.808,2.0,109200.0
2017-07-12,OI8888.XZCE,6660.64,6677.428000000001,6721.727,6638.804,215864.0,14317719700.0
2017-07-12,AL8888.XSGE,14136.343,14200.979,14265.811000000002,14126.001,294274.0,20923800650.0
2017-07-12,RS8888.XZCE,5290.0,5290.0,5290.0,5290.0,2.0,105800.0
2017-07-12,AG8888.XSGE,3750.685,3788.5290000000005,3828.363,3737.7009999999996,836598.0,47491120830.0
2017-07-12,V8888.XDCE,6612.99,6505.06,6630.231,6470.129,252158.0,8317783300.0
2017-07-12,RU8888.XSGE,13226.333,13602.803999999998,13787.335,13197.858999999999,1078558.0,145943244000.0
2017-07-12,SF8888.XZCE,5566.691999999999,5549.496999999999,5579.149,5521.023,8568.0,241328100.0
2017-07-12,B8888.XDCE,3325.59,3328.5570000000002,3333.502,3316.69,66.0,2194200.0
2017-07-12,HC8888.XSGE,3538.289,3568.614,3605.633,3538.2729999999997,718292.0,25754680300.0
2017-07-12,JR8888.XZCE,3234.8340000000003,3234.8340000000003,3234.8340000000003,3234.8340000000003,0.0,0.0
2017-07-12,L8888.XDCE,9027.735999999999,9056.712,9141.65,9001.038,751164.0,34098484600.0
2017-07-12,FG8888.XZCE,1365.764,1347.977,1379.67,1342.705,294596.0,8060370100.0
2017-07-12,SM8888.XZCE,6626.178000000001,6521.804,6652.971,6480.326,108640.0,3569364700.0
2017-07-12,CS8888.XDCE,2022.315,2020.1329999999998,2032.8010000000002,2013.4470000000001,345482.0,6994513500.0
2017-07-12,PP8888.XDCE,8132.429,8066.316999999999,8196.589,8039.04,509524.0,20673318900.0
2017-07-12,A8888.XDCE,3879.039,3908.157,3944.054,3866.968,286138.0,11188260600.0
2017-07-12,SR8888.XZCE,6229.283,6235.158,6268.076,6207.46,601012.0,37485796600.0
2017-07-12,M8888.XDCE,2918.522,2923.803,2939.605,2914.389,1338636.0,39140608400.0
2017-07-12,C8888.XDCE,1696.096,1698.9589999999998,1706.5620000000001,1693.98,671584.0,11373757500.0
2017-07-12,RM8888.XZCE,2364.558,2377.9539999999997,2390.64,2361.804,456222.0,10949088900.0
2017-07-12,I8888.XDCE,483.77099999999996,483.085,494.039,478.57800000000003,2682206.0,131233830500.0
2017-07-12,AU8888.XSGE,270.194,271.08799999999997,271.73900000000003,269.35,156986.0,42506158900.0
2017-07-12,IH8888.CCFX,2564.611,2549.2889999999998,2592.734,2540.101,15230.0,11744688600.0
2017-07-12,WR8888.XSGE,2882.5820000000003,2882.5820000000003,2882.5820000000003,2882.5820000000003,0.0,0.0
2017-07-12,TA8888.XZCE,5154.638,5238.855,5283.245,5149.0740000000005,2503050.0,65510421200.0
2017-07-12,PB8888.XSGE,17911.944,17882.942,18041.148999999998,17787.336,72020.0,6457411050.0
2017-07-12,BB8888.XDCE,114.475,114.475,114.475,114.475,0.0,0.0
2017-07-12,CF8888.XZCE,14914.905,15036.671,15113.833999999999,14892.472,205894.0,15527099300.0
2017-07-12,TF8888.CCFX,97.959,97.89200000000001,98.068,97.845,15525.0,15207422100.0
2017-07-12,BU8888.XSGE,2457.982,2464.154,2506.68,2451.3779999999997,941186.0,23209130360.0
2017-07-12,J8888.XDCE,1852.068,1835.8229999999999,1866.58,1823.0220000000002,202940.0,37605407800.0
2017-07-12,ZC8888.XZCE,597.18,582.534,599.66,577.438,350200.0,20664136600.0
2017-07-12,SN8888.XSGE,144688.394,145449.4,145560.422,144565.893,15556.0,2257130160.0
2017-07-12,FB8888.XDCE,75.967,75.967,75.967,75.967,4.0,151100.0
2017-07-12,JM8888.XDCE,1148.736,1132.655,1162.8419999999999,1127.036,247538.0,17095095200.0
2017-07-12,ZN8888.XSGE,22907.162999999997,23315.04,23398.946,22885.382,820970.0,95433849700.0
2017-07-12,IC8888.CCFX,6073.121999999999,6036.486999999999,6078.158,5969.313,18236.0,22058649040.0
2017-07-12,NI8888.XSGE,74582.459,76088.282,76389.51400000001,74502.636,475678.0,35929224540.0
2017-07-12,RB8888.XSGE,3522.42,3532.3059999999996,3573.1290000000004,3509.6679999999997,6195484.0,220654465240.0
2017-07-12,T8888.CCFX,95.27799999999999,95.26,95.473,95.185,50182.0,47845128650.0
2017-07-12,IF8888.CCFX,3653.625,3624.08,3663.631,3606.115,19829.0,21711676740.0
2017-07-12,MA8888.XZCE,2480.299,2478.132,2520.554,2465.426,1202976.0,30009450700.0
2017-07-12,WH8888.XZCE,2606.135,2609.0460000000003,2619.854,2604.173,1692.0,88371300.0
2017-07-12,LR8888.XZCE,2892.167,2892.167,2892.167,2892.167,0.0,0.0
2017-07-12,Y8888.XDCE,6203.5019999999995,6202.285,6248.932,6180.354,409666.0,25364947900.0
2017-07-12,JD8888.XDCE,3865.658,3814.268,3874.244,3772.532,726860.0,27818935500.0
2017-07-12,CU8888.XSGE,47100.129,47448.52099999999,47661.844000000005,46887.08900000001,385758.0,91093057200.0
2017-07-13,SM8888.XZCE,6532.2880000000005,6571.503000000001,6626.951999999999,6507.948,69272.0,2276715600.0
2017-07-13,SR8888.XZCE,6237.904,6236.6669999999995,6252.84,6218.064,349098.0,21744993500.0
2017-07-13,FU8888.XSGE,3795.6,3806.4,3795.6,3795.6,0.0,0.0
2017-07-13,TA8888.XZCE,5237.960999999999,5270.451,5278.116,5217.495,1546106.0,40704157100.0
2017-07-13,PB8888.XSGE,17907.272,17864.471,17958.341,17754.911,44758.0,3998830900.0
2017-07-13,HC8888.XSGE,3572.598,3660.177,3663.9829999999997,3555.884,841308.0,30436265640.0
2017-07-13,WR8888.XSGE,2882.5820000000003,2882.5820000000003,2882.5820000000003,2882.5820000000003,0.0,0.0
2017-07-13,A8888.XDCE,3908.368,3893.8920000000003,3923.6009999999997,3884.27,193414.0,7545460100.0
2017-07-13,RM8888.XZCE,2374.813,2349.889,2402.3320000000003,2337.107,1018608.0,24386317900.0
2017-07-13,RI8888.XZCE,2730.16,2734.0,2734.0,2730.16,12.0,668300.0
2017-07-13,CU8888.XSGE,47581.428,47584.723,47715.367999999995,47333.469000000005,265634.0,62822932300.0
2017-07-13,I8888.XDCE,484.34,486.392,488.98400000000004,475.55,2297270.0,111546269300.0
2017-07-13,WH8888.XZCE,2612.158,2622.329,2627.039,2608.5460000000003,1670.0,87801100.0
2017-07-13,CS8888.XDCE,2016.6689999999999,2005.519,2020.241,1993.589,496182.0,9951563600.0
2017-07-13,JR8888.XZCE,3250.0009999999997,3256.3340000000003,3256.3340000000003,3250.0009999999997,8.0,532700.0
2017-07-13,SF8888.XZCE,5566.145,5558.25,5578.624,5537.5869999999995,7042.0,198865700.0
2017-07-13,PP8888.XDCE,8062.073,8027.56,8108.259,7959.221,521944.0,20946512500.0
2017-07-13,AU8888.XSGE,272.418,271.844,272.545,271.149,155570.0,42262798200.0
2017-07-13,JD8888.XDCE,3805.4590000000003,3796.393,3819.373,3783.509,326032.0,12250378700.0
2017-07-13,LR8888.XZCE,2853.167,2904.8340000000003,2930.167,2853.167,48.0,2791100.0
2017-07-13,IH8888.CCFX,2557.801,2593.0,2593.482,2553.339,12792.0,9894210840.0
2017-07-13,RU8888.XSGE,13592.153,13661.428,13725.265,13483.271999999999,736140.0,100223191800.0
2017-07-13,B8888.XDCE,3327.5679999999998,3317.679,3328.5570000000002,3317.679,40.0,1329400.0
2017-07-13,PM8888.XZCE,2472.0,2472.0,2472.0,2472.0,6.0,742800.0
2017-07-13,AG8888.XSGE,3831.384,3819.4790000000003,3839.4629999999997,3807.595,526148.0,30155264010.0
2017-07-13,P8888.XDCE,5383.776,5354.1630000000005,5403.729,5330.1669999999995,482102.0,26069117100.0
2017-07-13,FB8888.XDCE,76.02,76.05,76.05,76.02,6.0,226600.0
2017-07-13,V8888.XDCE,6500.476,6538.53,6572.812,6423.898,250578.0,8221368400.0
2017-07-13,SN8888.XSGE,145740.68300000002,145953.94199999998,146392.31900000002,144988.462,12922.0,1883449360.0
2017-07-13,CF8888.XZCE,15048.77,15066.723,15124.956,15000.876,190928.0,14441523200.0
2017-07-13,BU8888.XSGE,2465.23,2490.489,2494.1479999999997,2445.522,800298.0,19740567720.0
2017-07-13,AL8888.XSGE,14194.532,14311.25,14341.503999999999,14188.242,233930.0,16700776150.0
2017-07-13,RS8888.XZCE,5291.0,5294.0,5294.0,5288.0,10.0,529100.0
2017-07-13,JM8888.XDCE,1136.847,1174.468,1183.268,1132.251,367682.0,25727050400.0
2017-07-13,ZC8888.XZCE,583.418,593.4680000000001,594.021,579.112,310442.0,18255174600.0
2017-07-13,BB8888.XDCE,114.475,114.475,114.475,114.475,0.0,0.0
2017-07-13,FG8888.XZCE,1349.764,1358.42,1359.296,1333.4979999999998,260704.0,7050591000.0
2017-07-13,TF8888.CCFX,97.93700000000001,97.946,98.072,97.885,13092.0,12826920100.0
2017-07-13,ZN8888.XSGE,23370.602000000003,23300.405,23411.355,23097.597,629936.0,73321377350.0
2017-07-13,NI8888.XSGE,76095.37700000001,76488.11,76719.796,75722.145,379096.0,28891512460.0
2017-07-13,RB8888.XSGE,3536.12,3618.312,3621.022,3517.948,6957372.0,249256975420.0
2017-07-13,Y8888.XDCE,6200.1669999999995,6162.729,6225.0419999999995,6135.399,484128.0,29843952500.0
2017-07-13,L8888.XDCE,9035.421,9111.329,9225.826,9004.688,725838.0,33173555800.0
2017-07-13,T8888.CCFX,95.36,95.40100000000001,95.56700000000001,95.303,49343.0,47098954100.0
2017-07-13,J8888.XDCE,1838.648,1853.892,1868.4370000000001,1824.3529999999998,204246.0,37800093800.0
2017-07-13,IF8888.CCFX,3631.505,3664.1479999999997,3666.865,3627.3,18253.0,20038032660.0
2017-07-13,MA8888.XZCE,2480.618,2464.999,2488.16,2430.444,1106322.0,27218334900.0
2017-07-13,IC8888.CCFX,6050.420999999999,6060.899,6102.3640000000005,6032.029,15764.0,19225370840.0
2017-07-13,M8888.XDCE,2918.9429999999998,2857.567,2935.058,2847.5570000000002,2286018.0,65832955600.0
2017-07-13,C8888.XDCE,1694.523,1682.781,1695.28,1679.5379999999998,874230.0,14692141100.0
2017-07-13,OI8888.XZCE,6672.557,6621.427,6713.204000000001,6609.257,264632.0,17531993000.0
2017-07-14,CU8888.XSGE,47622.095,47344.773,47639.246,47107.787000000004,278330.0,65632124800.0
2017-07-14,RI8888.XZCE,2734.542,2742.792,2743.7090000000003,2734.542,26.0,1420600.0
2017-07-14,T8888.CCFX,95.34299999999999,95.399,95.40299999999999,95.251,32624.0,31100256250.0
2017-07-14,BB8888.XDCE,114.475,114.475,114.475,114.475,0.0,0.0
2017-07-14,WH8888.XZCE,2622.843,2617.953,2630.337,2615.305,1590.0,83413500.0
2017-07-14,JD8888.XDCE,3780.52,3836.948,3847.82,3754.743,441906.0,16822247400.0
2017-07-14,PP8888.XDCE,8054.687,8070.806,8115.608,8011.191999999999,372926.0,15036463200.0
2017-07-14,JR8888.XZCE,3378.0,3319.0,3378.0,3290.0,12.0,797000.0
2017-07-14,A8888.XDCE,3891.526,3825.7529999999997,3891.85,3814.135,283962.0,10898613200.0
2017-07-14,I8888.XDCE,484.472,476.746,485.61,467.164,2720898.0,129872319200.0
2017-07-14,IH8888.CCFX,2595.768,2622.594,2622.861,2586.115,12184.0,9514984260.0
2017-07-14,JM8888.XDCE,1173.3239999999998,1159.241,1176.114,1147.8419999999999,262470.0,18377655100.0
2017-07-14,PB8888.XSGE,17835.144,17581.578999999998,17862.22,17449.938000000002,69200.0,6089781400.0
2017-07-14,WR8888.XSGE,2882.5820000000003,2882.5820000000003,2882.5820000000003,2882.5820000000003,0.0,0.0
2017-07-14,IF8888.CCFX,3662.933,3682.792,3683.6679999999997,3648.855,16390.0,18066827160.0
2017-07-14,HC8888.XSGE,3651.442,3574.895,3656.3790000000004,3540.473,1013614.0,36475079600.0
2017-07-14,V8888.XDCE,6527.741,6481.512,6563.2390000000005,6423.866,227390.0,7438638400.0
2017-07-14,AG8888.XSGE,3813.574,3769.68,3816.5409999999997,3748.7859999999996,619434.0,35105599260.0
2017-07-14,L8888.XDCE,9126.929,9139.253,9176.233,9081.364,490810.0,22433228500.0
2017-07-14,Y8888.XDCE,6139.0019999999995,6111.397,6160.124,6082.286,470052.0,28688984800.0
2017-07-14,RS8888.XZCE,5181.0,5275.0,5350.0,5181.0,48.0,2536500.0
2017-07-14,RM8888.XZCE,2342.4,2303.03,2350.0389999999998,2290.26,898564.0,20996584700.0
2017-07-14,SF8888.XZCE,5544.095,5564.670999999999,5588.335999999999,5543.9130000000005,6806.0,192574700.0
2017-07-14,FU8888.XSGE,3791.4,3754.8,3846.0,3754.8,6.0,1140900.0
2017-07-14,MA8888.XZCE,2466.879,2482.015,2501.633,2453.239,1242320.0,30829830300.0
2017-07-14,CS8888.XDCE,2001.3470000000002,2002.578,2008.3529999999998,1993.285,248908.0,4988804600.0
2017-07-14,CF8888.XZCE,15054.957,15081.319,15150.72,14891.945,245408.0,18527488100.0
2017-07-14,M8888.XDCE,2844.643,2809.02,2855.724,2790.119,1943176.0,54771204100.0
2017-07-14,B8888.XDCE,3302.84,3301.8509999999997,3311.741,3301.8509999999997,22.0,727200.0
2017-07-14,J8888.XDCE,1851.266,1820.6660000000002,1853.904,1803.507,240286.0,44119069100.0
2017-07-14,C8888.XDCE,1675.644,1682.527,1686.234,1673.684,733578.0,12334221100.0
2017-07-14,SN8888.XSGE,145568.161,143452.524,145845.423,143367.65300000002,19926.0,2877399980.0
2017-07-14,RB8888.XSGE,3618.435,3513.197,3618.803,3490.9179999999997,9365502.0,333210940980.0
2017-07-14,TF8888.CCFX,97.90899999999999,97.89,97.94200000000001,97.795,15224.0,14901736250.0
2017-07-14,ZN8888.XSGE,23271.478,22900.116,23282.49,22760.427000000003,725960.0,83360542750.0
2017-07-14,FB8888.XDCE,75.567,74.6,76.067,74.3,10.0,372100.0
2017-07-14,OI8888.XZCE,6611.666,6578.304,6626.298000000001,6524.723000000001,259826.0,16994963300.0
2017-07-14,BU8888.XSGE,2497.899,2528.583,2547.545,2464.594,1359550.0,34110776720.0
2017-07-14,AU8888.XSGE,271.589,270.742,271.589,269.947,114190.0,30902401300.0
2017-07-14,FG8888.XZCE,1357.4679999999998,1348.662,1360.8220000000001,1341.556,225808.0,6121079000.0
2017-07-14,SM8888.XZCE,6565.503000000001,6585.262,6613.088000000001,6521.556,79428.0,2610993400.0
2017-07-14,ZC8888.XZCE,593.405,592.222,597.07,588.151,225600.0,13422064300.0
2017-07-14,NI8888.XSGE,76383.32,76857.547,77069.023,75573.053,469432.0,35769558160.0
2017-07-14,LR8888.XZCE,2810.0,2901.0,3022.0,2807.0,22.0,1277300.0
2017-07-14,TA8888.XZCE,5267.254,5329.951,5347.713000000001,5237.487,2185442.0,58083948200.0
2017-07-14,SR8888.XZCE,6262.653,6278.927,6300.67,6243.065,666004.0,41747467200.0
2017-07-14,IC8888.CCFX,6054.518,6042.8,6074.194,6017.295,12400.0,15082681880.0
2017-07-14,PM8888.XZCE,2472.0,2472.0,2472.0,2472.0,0.0,0.0
2017-07-14,AL8888.XSGE,14401.641000000001,14364.786,14520.282,14330.607,393082.0,28348189950.0
2017-07-14,P8888.XDCE,5340.69,5301.344,5348.138000000001,5266.263000000001,536300.0,28635983200.0
2017-07-14,RU8888.XSGE,13716.481000000002,13890.66,13928.465,13457.823,1124412.0,153309801900.0
2017-07-17,RI8888.XZCE,2733.813,2740.375,2740.375,2733.813,8.0,436600.0
2017-07-17,RS8888.XZCE,5293.0,5199.0,5293.0,5199.0,26.0,1360900.0
2017-07-17,JD8888.XDCE,3817.1020000000003,3873.236,3900.789,3789.051,485878.0,18586524500.0
2017-07-17,LR8888.XZCE,2901.0,2901.0,2901.0,2901.0,0.0,0.0
2017-07-17,Y8888.XDCE,6136.397,6139.265,6176.432,6122.172,421746.0,25860508800.0
2017-07-17,RU8888.XSGE,13891.628,13935.716999999999,14151.888,13815.86,1033774.0,143723627000.0
2017-07-17,IH8888.CCFX,2626.195,2628.17,2659.974,2598.156,16521.0,13042182240.0
2017-07-17,FG8888.XZCE,1350.4229999999998,1371.7620000000002,1382.836,1348.595,325750.0,8948033200.0
2017-07-17,AG8888.XSGE,3840.386,3844.603,3867.572,3820.607,555546.0,32008913250.0
2017-07-17,OI8888.XZCE,6596.56,6632.794,6649.9890000000005,6592.446,199220.0,13094271500.0
2017-07-17,BB8888.XDCE,114.475,114.475,114.475,114.475,0.0,0.0
2017-07-17,M8888.XDCE,2818.385,2813.134,2833.425,2805.954,1350206.0,38057490900.0
2017-07-17,JR8888.XZCE,3319.0,3319.0,3319.0,3319.0,0.0,0.0
2017-07-17,RM8888.XZCE,2307.9179999999997,2299.746,2321.252,2295.2039999999997,612306.0,14274815400.0
2017-07-17,CF8888.XZCE,15050.718,15180.321000000002,15187.749,15025.553999999998,152700.0,11615714500.0
2017-07-17,C8888.XDCE,1683.161,1700.902,1703.624,1673.5439999999999,1199874.0,20202589200.0
2017-07-17,SN8888.XSGE,143792.779,145500.44400000002,145839.126,143369.665,17028.0,2463746640.0
2017-07-17,ZC8888.XZCE,592.466,606.543,609.2040000000001,590.195,319664.0,19353169800.0
2017-07-17,JM8888.XDCE,1159.32,1207.461,1218.57,1155.75,271504.0,19519338500.0
2017-07-17,PB8888.XSGE,17667.698,17819.405,17869.912,17555.023999999998,61564.0,5467904500.0
2017-07-17,IC8888.CCFX,6033.15,5780.38,6038.9890000000005,5775.672,18883.0,22331953440.0
2017-07-17,RB8888.XSGE,3493.829,3583.866,3622.1090000000004,3492.3379999999997,7683110.0,276051033420.0
2017-07-17,NI8888.XSGE,77232.916,79355.274,79724.753,77158.314,692440.0,54381073500.0
2017-07-17,ZN8888.XSGE,22824.596,23298.298,23375.754,22798.48,784384.0,90399949000.0
2017-07-17,AU8888.XSGE,273.216,273.091,273.534,272.394,164398.0,44865035800.0
2017-07-17,T8888.CCFX,95.441,95.41,95.664,95.35600000000001,48522.0,46341033600.0
2017-07-17,SF8888.XZCE,5612.8240000000005,5745.420999999999,5781.931,5612.8240000000005,30996.0,902303900.0
2017-07-17,TF8888.CCFX,97.917,97.82799999999999,98.00299999999999,97.807,16596.0,16255425400.0
2017-07-17,J8888.XDCE,1821.3229999999999,1881.339,1885.193,1819.826,220484.0,41242192000.0
2017-07-17,V8888.XDCE,6523.318,6470.274,6556.183000000001,6435.026,269352.0,8811831900.0
2017-07-17,SR8888.XZCE,6275.371,6195.174,6286.549,6191.72,611844.0,38229967600.0
2017-07-17,CS8888.XDCE,2002.4070000000002,2009.78,2010.0729999999999,1973.1170000000002,490688.0,9791605700.0
2017-07-17,BU8888.XSGE,2535.547,2589.834,2600.1929999999998,2527.173,1064094.0,27280364320.0
2017-07-17,TA8888.XZCE,5325.524,5326.576999999999,5416.605,5301.039000000001,2514172.0,67651414200.0
2017-07-17,SM8888.XZCE,6652.203,6963.41,6964.871999999999,6572.153,239286.0,8214660200.0
2017-07-17,WR8888.XSGE,2882.5820000000003,2882.5820000000003,2882.5820000000003,2882.5820000000003,0.0,0.0
2017-07-17,CU8888.XSGE,47372.332,48008.119000000006,48153.488,47333.264,424128.0,100869390500.0
2017-07-17,IF8888.CCFX,3683.038,3634.778,3692.704,3615.938,22562.0,24796792860.0
2017-07-17,PP8888.XDCE,8144.420999999999,8124.257,8259.603000000001,8098.249,643386.0,26326452200.0
2017-07-17,I8888.XDCE,477.728,488.976,494.80800000000005,476.536,2642428.0,129205633200.0
2017-07-17,MA8888.XZCE,2483.98,2488.548,2515.263,2433.718,1206990.0,30038123500.0
2017-07-17,A8888.XDCE,3836.417,3821.6009999999997,3852.058,3804.187,220172.0,8423270100.0
2017-07-17,FB8888.XDCE,75.069,75.0,75.935,74.204,40.0,1490100.0
2017-07-17,PM8888.XZCE,2472.0,2472.0,2472.0,2472.0,0.0,0.0
2017-07-17,WH8888.XZCE,2622.018,2627.385,2636.3309999999997,2615.849,2422.0,127905800.0
2017-07-17,HC8888.XSGE,3566.7059999999997,3672.3509999999997,3698.6859999999997,3563.587,1020292.0,37412754620.0
2017-07-17,P8888.XDCE,5322.433000000001,5328.008000000001,5375.853,5312.363,500472.0,26914963800.0
2017-07-17,B8888.XDCE,3301.855,3313.722,3327.567,3301.855,26.0,860900.0
2017-07-17,FU8888.XSGE,3784.2,3813.0,3813.0,3784.2,4.0,761000.0
2017-07-17,L8888.XDCE,9167.686,9148.573,9262.414,9133.963,593616.0,27334867700.0
2017-07-17,AL8888.XSGE,14356.243999999999,14496.312,14544.26,14351.158000000001,364460.0,26381848200.0
2017-07-18,C8888.XDCE,1705.529,1699.4260000000002,1708.23,1693.652,886018.0,15039874200.0
2017-07-18,L8888.XDCE,9165.206,9198.373,9245.338,9148.169,424052.0,19522510500.0
2017-07-18,RM8888.XZCE,2313.931,2308.6220000000003,2323.323,2292.674,586722.0,13671821900.0
2017-07-18,BU8888.XSGE,2589.4770000000003,2581.376,2613.798,2570.313,709568.0,18312439800.0
2017-07-18,FB8888.XDCE,74.62899999999999,74.471,74.62899999999999,74.471,4.0,147900.0
2017-07-18,CU8888.XSGE,48216.449,47890.435,48313.515,47776.187999999995,336692.0,80599384000.0
2017-07-18,LR8888.XZCE,2903.0,2903.0,2903.0,2903.0,0.0,0.0
2017-07-18,OI8888.XZCE,6635.069,6615.674,6692.547,6600.831999999999,272120.0,17977503900.0
2017-07-18,JD8888.XDCE,3885.884,3904.4829999999997,3929.672,3869.16,385258.0,15062456400.0
2017-07-18,RB8888.XSGE,3583.813,3543.3740000000003,3607.638,3530.09,7262288.0,261033408560.0
2017-07-18,JM8888.XDCE,1207.048,1226.279,1238.665,1200.684,287132.0,21212199000.0
2017-07-18,ZN8888.XSGE,23260.031000000003,22957.84,23342.321,22837.055,624852.0,72307177150.0
2017-07-18,WR8888.XSGE,2903.546,2930.728,2930.091,2903.546,4.0,118160.0
2017-07-18,B8888.XDCE,3311.743,3312.732,3322.6209999999996,3309.765,24.0,795200.0
2017-07-18,IH8888.CCFX,2625.893,2615.6929999999998,2638.238,2596.263,15540.0,12212194320.0
2017-07-18,IF8888.CCFX,3632.29,3635.765,3650.7940000000003,3606.5840000000003,21659.0,23656210680.0
2017-07-18,T8888.CCFX,95.3,95.137,95.302,95.03,45784.0,43568227250.0
2017-07-18,I8888.XDCE,491.10900000000004,509.32,516.082,490.51300000000003,3323544.0,169281910900.0
2017-07-18,FU8888.XSGE,3813.0,3798.6,3813.0,3813.0,0.0,0.0
2017-07-18,JR8888.XZCE,3321.0,3321.0,3321.0,3321.0,0.0,0.0
2017-07-18,BB8888.XDCE,114.475,114.475,114.475,114.475,0.0,0.0
2017-07-18,A8888.XDCE,3831.5559999999996,3833.9240000000004,3846.5690000000004,3816.884,149290.0,5714425900.0
2017-07-18,RU8888.XSGE,13967.696000000002,13977.943000000001,14179.42,13817.556,995204.0,139778652700.0
2017-07-18,PM8888.XZCE,2472.0,2472.0,2472.0,2472.0,0.0,0.0
2017-07-18,MA8888.XZCE,2486.141,2513.8579999999997,2544.54,2482.09,1305626.0,32859433700.0
2017-07-18,PP8888.XDCE,8137.5380000000005,8190.7,8257.386,8133.889,427168.0,17506769000.0
2017-07-18,RS8888.XZCE,5350.0,5249.0,5350.0,4900.0,46.0,2401600.0
2017-07-18,ZC8888.XZCE,606.974,606.014,608.516,601.1080000000001,199094.0,12084243500.0
2017-07-18,Y8888.XDCE,6150.155,6113.24,6200.954000000001,6097.313,482922.0,29603156200.0
2017-07-18,SM8888.XZCE,6992.185,7035.951999999999,7215.007,6992.079000000001,309068.0,10985960600.0
2017-07-18,RI8888.XZCE,2744.6059999999998,2734.272,2744.6059999999998,2726.757,14.0,763800.0
2017-07-18,HC8888.XSGE,3668.656,3632.453,3685.407,3618.717,822878.0,30176223700.0
2017-07-18,AL8888.XSGE,14501.719,14360.688999999998,14513.603000000001,14302.365,266278.0,19190509550.0
2017-07-18,SN8888.XSGE,145499.475,145637.835,145830.67,144435.966,13242.0,1922382720.0
2017-07-18,J8888.XDCE,1881.168,1872.987,1892.629,1858.286,173964.0,32766470800.0
2017-07-18,AG8888.XSGE,3868.8140000000003,3849.867,3878.828,3839.9,408830.0,23698860270.0
2017-07-18,SF8888.XZCE,5738.09,5736.931,5852.564,5684.311,39518.0,1162160700.0
2017-07-18,TF8888.CCFX,97.796,97.70700000000001,97.79700000000001,97.61399999999999,18287.0,17866474800.0
2017-07-18,CF8888.XZCE,15152.327,15335.5,15395.088,15141.518999999998,231630.0,17779774000.0
2017-07-18,V8888.XDCE,6484.265,6564.977,6600.243,6413.717,366306.0,12053719400.0
2017-07-18,SR8888.XZCE,6185.849,6250.749,6279.599,6178.651999999999,615082.0,38382801600.0
2017-07-18,NI8888.XSGE,79448.864,79213.318,80196.853,78734.475,503500.0,40010507140.0
2017-07-18,P8888.XDCE,5331.084,5260.611999999999,5363.589,5253.635,731642.0,39071398900.0
2017-07-18,M8888.XDCE,2826.2659999999996,2830.883,2841.917,2815.011,1303714.0,36887611300.0
2017-07-18,WH8888.XZCE,2636.12,2631.928,2640.317,2624.571,1636.0,86535700.0
2017-07-18,CS8888.XDCE,2011.9620000000002,2016.774,2025.649,2005.215,439488.0,8868748500.0
2017-07-18,IC8888.CCFX,5783.798000000001,5844.65,5849.658,5767.398,19677.0,22989655080.0
2017-07-18,AU8888.XSGE,273.788,273.789,274.486,273.594,127190.0,34841802900.0
2017-07-18,TA8888.XZCE,5320.967,5336.3330000000005,5375.0109999999995,5304.54,1166616.0,31383165800.0
2017-07-18,FG8888.XZCE,1373.5,1372.817,1385.457,1362.5479999999998,208670.0,5749216600.0
2017-07-18,PB8888.XSGE,17768.825,17621.852,17913.754,17500.979,73032.0,6470774200.0
2017-07-19,TA8888.XZCE,5348.831999999999,5324.043000000001,5362.206999999999,5293.118,1356656.0,36445676600.0
2017-07-19,RS8888.XZCE,5249.0,5249.0,5249.0,5249.0,0.0,0.0
2017-07-19,SN8888.XSGE,145670.989,147456.465,148283.447,145666.975,39884.0,5860910480.0
2017-07-19,PB8888.XSGE,17555.909,17523.16,17622.54,17409.933,71218.0,6240786000.0
2017-07-19,MA8888.XZCE,2521.129,2527.485,2534.159,2506.058,961528.0,24247141600.0
2017-07-19,CS8888.XDCE,2017.154,1996.006,2024.132,1995.985,398346.0,8010191000.0
2017-07-19,HC8888.XSGE,3651.111,3705.187,3717.87,3636.623,838322.0,31018726100.0
2017-07-19,AG8888.XSGE,3865.995,3859.895,3870.929,3845.9390000000003,368056.0,21306210030.0
2017-07-19,JM8888.XDCE,1227.556,1237.711,1277.4589999999998,1223.943,350274.0,26596265400.0
2017-07-19,BB8888.XDCE,114.475,114.475,114.475,114.475,0.0,0.0
2017-07-19,Y8888.XDCE,6139.054,6143.274,6162.146,6096.058000000001,402060.0,24583012600.0
2017-07-19,L8888.XDCE,9185.275,9239.153,9286.43,9177.833,468710.0,21701411600.0
2017-07-19,FU8888.XSGE,3798.6,3798.6,3798.6,3798.6,0.0,0.0
2017-07-19,RB8888.XSGE,3553.897,3634.15,3641.76,3539.324,7054254.0,255510389460.0
2017-07-19,IF8888.CCFX,3706.324,3716.2470000000003,3775.389,3627.26,25164.0,27803719440.0
2017-07-19,SF8888.XZCE,5781.965999999999,5796.675,5822.482,5745.504,17276.0,508763200.0
2017-07-19,TF8888.CCFX,97.72200000000001,97.693,97.8,97.69,12582.0,12298698350.0
2017-07-19,RM8888.XZCE,2317.978,2301.532,2321.864,2291.1079999999997,597780.0,13901361900.0
2017-07-19,CF8888.XZCE,15335.327,15400.228000000001,15455.075,15250.163999999999,178990.0,13801357500.0
2017-07-19,FB8888.XDCE,74.857,74.817,75.181,73.805,14.0,519800.0
2017-07-19,V8888.XDCE,6589.804,6700.04,6711.215999999999,6584.856,252098.0,8473859200.0
2017-07-19,T8888.CCFX,95.20100000000001,95.098,95.28299999999999,95.073,42768.0,40707583150.0
2017-07-19,BU8888.XSGE,2595.02,2612.195,2624.631,2594.084,682698.0,17750465600.0
2017-07-19,ZC8888.XZCE,605.46,602.686,606.9169999999999,598.0459999999999,213584.0,12944345400.0
2017-07-19,SM8888.XZCE,7108.399,7095.069,7171.633000000001,7059.028,130614.0,4648926400.0
2017-07-19,WR8888.XSGE,3100.0,3190.0,3100.0,3100.0,0.0,0.0
2017-07-19,RI8888.XZCE,2732.575,2734.454,2737.272,2732.575,14.0,764200.0
2017-07-19,FG8888.XZCE,1375.453,1438.043,1440.4779999999998,1373.624,815324.0,23283961800.0
2017-07-19,PP8888.XDCE,8221.392,8253.067,8286.396999999999,8199.715,370050.0,15260011600.0
2017-07-19,M8888.XDCE,2845.38,2830.515,2861.679,2824.562,1209166.0,34381829300.0
2017-07-19,AL8888.XSGE,14370.326000000001,14492.749,14513.158000000001,14362.618999999999,245630.0,17737581150.0
2017-07-19,CU8888.XSGE,47944.712999999996,48171.235,48180.822,47888.767,253424.0,60613761700.0
2017-07-19,SR8888.XZCE,6250.0019999999995,6241.185,6258.1759999999995,6205.5830000000005,505180.0,31516097400.0
2017-07-19,PM8888.XZCE,2472.0,2472.0,2472.0,2472.0,0.0,0.0
2017-07-19,P8888.XDCE,5280.82,5283.266,5291.846,5230.545999999999,609378.0,32227587100.0
2017-07-19,JD8888.XDCE,3932.7270000000003,3936.2329999999997,3962.715,3904.327,349168.0,13702329400.0
2017-07-19,WH8888.XZCE,2626.3190000000004,2651.6279999999997,2661.292,2626.107,3878.0,207896800.0
2017-07-19,A8888.XDCE,3845.482,3825.241,3860.974,3810.748,181252.0,6933463100.0
2017-07-19,B8888.XDCE,3326.066,3312.64,3337.934,3309.272,26.0,868000.0
2017-07-19,J8888.XDCE,1871.3210000000001,1914.115,1922.769,1865.352,215900.0,41226287700.0
2017-07-19,C8888.XDCE,1698.727,1690.057,1702.624,1688.3029999999999,664852.0,11242043800.0
2017-07-19,RU8888.XSGE,14052.91,14667.705,14691.513,13988.376,1211348.0,173401636700.0
2017-07-19,IH8888.CCFX,2619.419,2659.816,2660.218,2616.334,17075.0,13525061220.0
2017-07-19,IC8888.CCFX,5839.522,5970.866999999999,5983.451,5823.835,20003.0,23739794240.0
2017-07-19,OI8888.XZCE,6642.158,6660.039000000001,6660.039000000001,6591.512,198824.0,13094946800.0
2017-07-19,JR8888.XZCE,3321.0,3321.0,3321.0,3321.0,0.0,0.0
2017-07-19,I8888.XDCE,510.087,521.9680000000001,525.54,509.209,2606886.0,136059083800.0
2017-07-19,LR8888.XZCE,2903.0,2903.0,2903.0,2903.0,0.0,0.0
2017-07-19,ZN8888.XSGE,22909.025,22995.662999999997,23032.301,22766.783,623206.0,71398129800.0
2017-07-19,NI8888.XSGE,79384.567,80054.414,80356.562,79258.304,469510.0,37444027560.0
2017-07-19,AU8888.XSGE,274.393,274.142,274.832,273.944,114422.0,31372408600.0
2017-07-20,RU8888.XSGE,14734.743999999999,14701.822,14982.343,14602.774,1167856.0,173032216800.0
2017-07-20,SR8888.XZCE,6249.84,6274.956,6314.455,6241.052,628756.0,39532488400.0
2017-07-20,J8888.XDCE,1912.75,1883.4489999999998,1917.4189999999999,1877.786,200960.0,38505490600.0
2017-07-20,L8888.XDCE,9292.536,9651.318000000001,9702.786,9285.058,1420836.0,67791083900.0
2017-07-20,ZC8888.XZCE,604.0369999999999,602.21,606.378,599.562,173800.0,10542284400.0
2017-07-20,PM8888.XZCE,2472.0,2472.0,2472.0,2472.0,0.0,0.0
2017-07-20,AG8888.XSGE,3871.9629999999997,3854.0,3873.9809999999998,3835.242,392088.0,22682159040.0
2017-07-20,HC8888.XSGE,3704.883,3590.0820000000003,3706.518,3578.147,1344650.0,49307528640.0
2017-07-20,AL8888.XSGE,14478.498,14440.446000000002,14568.293,14419.014,300916.0,21810300250.0
2017-07-20,FG8888.XZCE,1440.263,1413.8139999999999,1441.601,1406.989,504552.0,14385980300.0
2017-07-20,Y8888.XDCE,6153.983,6198.9,6229.854,6138.068,516728.0,31929952900.0
2017-07-20,P8888.XDCE,5284.425,5336.387,5352.879,5278.501,647460.0,34634307900.0
2017-07-20,RS8888.XZCE,5001.0,5156.0,5236.0,5001.0,30.0,1557300.0
2017-07-20,RM8888.XZCE,2304.556,2313.808,2319.3579999999997,2297.208,608440.0,14173881200.0
2017-07-20,B8888.XDCE,3318.575,3316.652,3322.53,3315.6079999999997,20.0,663800.0
2017-07-20,RI8888.XZCE,2732.5159999999996,2745.613,2745.613,2732.5159999999996,30.0,1638300.0
2017-07-20,SM8888.XZCE,7050.1140000000005,6863.215,7190.56,6815.275,240756.0,8454585500.0
2017-07-20,NI8888.XSGE,80303.952,79198.22200000001,80409.677,78848.546,480464.0,38170971140.0
2017-07-20,WH8888.XZCE,2667.94,2676.1259999999997,2682.281,2658.699,2174.0,117568400.0
2017-07-20,V8888.XDCE,6687.974,6735.508000000001,6955.5740000000005,6651.149,542112.0,18635379700.0
2017-07-20,PB8888.XSGE,17432.841,17347.12,17465.885,17192.56,83686.0,7248745050.0
2017-07-20,MA8888.XZCE,2528.145,2538.657,2617.544,2518.333,1955794.0,50264938300.0
2017-07-20,A8888.XDCE,3833.4559999999997,3821.018,3853.8959999999997,3799.7940000000003,242126.0,9257922900.0
2017-07-20,RB8888.XSGE,3622.881,3456.683,3629.9790000000003,3449.123,9559276.0,340439296400.0
2017-07-20,FU8888.XSGE,3798.6,3798.6,3798.6,3798.6,0.0,0.0
2017-07-20,FB8888.XDCE,74.38600000000001,73.568,74.795,73.282,10.0,366400.0
2017-07-20,SF8888.XZCE,5780.295,5893.308000000001,5991.437,5780.266,65634.0,1988494700.0
2017-07-20,C8888.XDCE,1692.84,1698.211,1703.934,1690.217,676988.0,11453268600.0
2017-07-20,PP8888.XDCE,8282.154,8509.485,8643.53,8280.45,966098.0,40922159600.0
2017-07-20,T8888.CCFX,95.17200000000001,95.336,95.37100000000001,95.15899999999999,36412.0,34696251900.0
2017-07-20,IF8888.CCFX,3716.038,3731.19,3732.3459999999995,3706.565,22561.0,25204182060.0
2017-07-20,IH8888.CCFX,2658.449,2668.534,2669.79,2644.063,17186.0,13696165440.0
2017-07-20,I8888.XDCE,523.475,507.291,525.3580000000001,505.909,2861654.0,148751106900.0
2017-07-20,TF8888.CCFX,97.715,97.84,97.863,97.709,8901.0,8705975050.0
2017-07-20,CU8888.XSGE,48068.497,48006.606,48120.922,47775.174000000006,324920.0,77614357100.0
2017-07-20,LR8888.XZCE,2903.0,2903.0,2903.0,2903.0,0.0,0.0
2017-07-20,WR8888.XSGE,3320.0,3180.0,3341.0,3036.0,26.0,829520.0
2017-07-20,JM8888.XDCE,1241.464,1223.154,1250.2160000000001,1217.0910000000001,322560.0,24137766800.0
2017-07-20,BU8888.XSGE,2614.262,2595.251,2635.185,2591.197,973670.0,25325121680.0
2017-07-20,JD8888.XDCE,3941.659,3898.7870000000003,3947.522,3888.099,325664.0,12751267900.0
2017-07-20,TA8888.XZCE,5321.186,5261.814,5380.496,5243.605,2340464.0,62254268400.0
2017-07-20,M8888.XDCE,2834.929,2848.51,2858.893,2830.76,1127614.0,32114590600.0
2017-07-20,SN8888.XSGE,147018.242,146316.348,147530.39800000002,146152.47699999998,15340.0,2252310120.0
2017-07-20,CS8888.XDCE,1998.8629999999998,2009.139,2013.566,1995.467,303536.0,6087243200.0
2017-07-20,AU8888.XSGE,274.64799999999997,274.302,274.841,273.999,100618.0,27593236300.0
2017-07-20,IC8888.CCFX,5968.57,6002.142,6033.132,5964.143,17711.0,21387655960.0
2017-07-20,BB8888.XDCE,114.475,114.475,114.475,114.475,0.0,0.0
2017-07-20,ZN8888.XSGE,22852.151,22781.226000000002,22947.615,22605.202,841628.0,95747321600.0
2017-07-20,JR8888.XZCE,3290.0,3276.0,3290.0,3276.0,4.0,262600.0
2017-07-20,OI8888.XZCE,6662.556,6726.85,6766.603,6641.856,323706.0,21582285200.0
2017-07-20,CF8888.XZCE,15405.311000000002,15404.614,15445.942,15299.017,144446.0,11128746400.0
2017-07-21,P8888.XDCE,5360.911,5350.574,5408.262,5321.434,787062.0,42331404300.0
2017-07-21,TF8888.CCFX,97.862,97.775,97.889,97.738,7075.0,6917849050.0
2017-07-21,FB8888.XDCE,71.214,73.398,75.078,71.214,24.0,873700.0
2017-07-21,BU8888.XSGE,2606.296,2571.423,2609.793,2546.449,979400.0,25122636280.0
2017-07-21,CS8888.XDCE,2013.332,1987.141,2017.468,1985.808,489228.0,9770606000.0
2017-07-21,FU8888.XSGE,3684.6,3819.6,3882.6,3684.6,16.0,3016400.0
2017-07-21,L8888.XDCE,9588.228,9696.928,9731.834,9479.506,969916.0,46483559000.0
2017-07-21,HC8888.XSGE,3598.219,3598.068,3622.035,3538.235,864512.0,31154990300.0
2017-07-21,SF8888.XZCE,5835.265,5902.756,5914.513,5834.929,24858.0,745347700.0
2017-07-21,T8888.CCFX,95.379,95.216,95.437,95.194,31538.0,30056122000.0
2017-07-21,V8888.XDCE,6671.219,6787.563,6823.083,6635.687,373176.0,12591938000.0
2017-07-21,MA8888.XZCE,2545.965,2501.824,2555.191,2465.637,1364062.0,34185651300.0
2017-07-21,WR8888.XSGE,3180.0,3190.0,3180.0,3180.0,0.0,0.0
2017-07-21,RM8888.XZCE,2323.39,2332.466,2338.26,2312.766,677932.0,15865690900.0
2017-07-21,I8888.XDCE,505.781,509.455,511.457,497.634,2539192.0,129894794500.0
2017-07-21,PP8888.XDCE,8405.277,8521.67,8542.138,8380.421,564798.0,23842339600.0
2017-07-21,CU8888.XSGE,48034.303,48203.881,48315.182,47657.989,369110.0,88291347200.0
2017-07-21,TA8888.XZCE,5272.87,5225.562,5312.185,5193.184,1601334.0,42089186300.0
2017-07-21,AU8888.XSGE,274.401,275.896,275.947,273.605,175694.0,48316532400.0
2017-07-21,SR8888.XZCE,6268.647,6273.619,6286.606,6255.522,355006.0,22283434300.0
2017-07-21,J8888.XDCE,1882.273,1908.882,1915.418,1855.853,292192.0,55608265800.0
2017-07-21,SM8888.XZCE,6803.66,6898.819,6947.652,6803.399,114462.0,3938885400.0
2017-07-21,PM8888.XZCE,2472.0,2472.0,2472.0,2472.0,4.0,491900.0
2017-07-21,WH8888.XZCE,2677.713,2675.932,2689.897,2667.311,2372.0,128454400.0
2017-07-21,A8888.XDCE,3830.9,3829.019,3839.017,3803.64,249860.0,9540908000.0
2017-07-21,B8888.XDCE,3325.552,3307.751,3347.309,3302.807,122.0,4056500.0
2017-07-21,C8888.XDCE,1699.779,1689.326,1704.203,1685.699,941954.0,15895829800.0
2017-07-21,JD8888.XDCE,3910.817,3898.983,3924.35,3885.387,253878.0,9866878900.0
2017-07-21,ZN8888.XSGE,22781.795,22801.999,22868.938,22540.943,649298.0,73973006550.0
2017-07-21,LR8888.XZCE,2903.0,2903.0,2903.0,2903.0,0.0,0.0
2017-07-21,M8888.XDCE,2863.111,2876.233,2882.544,2857.805,1431546.0,41106046700.0
2017-07-21,FG8888.XZCE,1414.694,1415.862,1421.507,1401.196,242752.0,6871786500.0
2017-07-21,NI8888.XSGE,79235.424,78933.529,79419.281,77868.596,503032.0,39484865420.0
2017-07-21,ZC8888.XZCE,602.36,603.163,606.463,597.589,211618.0,12747341700.0
2017-07-21,AL8888.XSGE,14449.364,14460.705,14511.041,14379.522,241780.0,17477692550.0
2017-07-21,IH8888.CCFX,2661.852,2641.672,2663.848,2636.734,13939.0,11092771800.0
2017-07-21,IC8888.CCFX,5991.212,6021.426,6039.21,5979.343,16015.0,19382596840.0
2017-07-21,RI8888.XZCE,2743.615,2734.846,2743.615,2733.923,22.0,1213000.0
2017-07-21,JR8888.XZCE,3276.0,3276.0,3276.0,3276.0,0.0,0.0
2017-07-21,PB8888.XSGE,17372.993,17443.974,17455.632,17212.294,76178.0,6610289650.0
2017-07-21,BB8888.XDCE,114.475,114.475,114.475,114.475,0.0,0.0
2017-07-21,IF8888.CCFX,3725.558,3711.871,3730.599,3705.343,18532.0,20718669120.0
2017-07-21,RB8888.XSGE,3465.058,3478.667,3500.61,3425.035,7483026.0,260845636040.0
2017-07-21,SN8888.XSGE,146268.712,145559.439,146740.688,145201.052,16944.0,2469837560.0
2017-07-21,CF8888.XZCE,15435.9,15038.489,15457.268,15025.153,362902.0,27721322300.0
2017-07-21,RS8888.XZCE,5230.0,5229.0,5231.0,5229.0,6.0,313800.0
2017-07-21,AG8888.XSGE,3861.096,3883.04,3895.993,3847.12,526926.0,30642334620.0
2017-07-21,Y8888.XDCE,6226.956,6209.56,6257.409,6172.246,566416.0,35156923000.0
2017-07-21,OI8888.XZCE,6754.072,6742.468,6797.065,6698.149,290152.0,19474615300.0
2017-07-21,JM8888.XDCE,1220.958,1245.437,1250.373,1197.234,383948.0,28422941300.0
2017-07-21,RU8888.XSGE,14705.088,14664.106,14809.666,14391.8,1052844.0,155017385600.0
